[
  {
    "timestamp": "2025-11-30T19:10:25.784520",
    "crypto": "BTC",
    "horizon_days": 1,
    "model": "SpiralBrain",
    "mae": 1940.9640840271525,
    "rmse": 2485.576879614757,
    "mape": 1.8449744901925615,
    "direction_accuracy": 53.84615384615385,
    "sharpe_ratio": -1.5559712805834398,
    "max_drawdown": -31.83504805185612,
    "returns_correlation": 0.1776704139145827,
    "lobe_activation": {
      "reasoning": 0.5,
      "attention": 0.5,
      "sensory": 0.5,
      "motor": 0.5
    },
    "coherence": 0.5,
    "processing_time": 0.017112710259177467,
    "price_volatility": 2.219301315078882,
    "data_points": 66
  },
  {
    "timestamp": "2025-11-30T19:10:25.785527",
    "crypto": "BTC",
    "horizon_days": 1,
    "model": "ARIMA",
    "mae": 7055.491884696521,
    "rmse": 8355.521051082398,
    "mape": 6.847806111829042,
    "direction_accuracy": 50.76923076923077,
    "sharpe_ratio": -7.371804334846955,
    "max_drawdown": -27.934570165043166,
    "returns_correlation": -0.23979848612743138,
    "lobe_activation": {},
    "coherence": 0.0,
    "processing_time": 0.0,
    "price_volatility": 2.219301315078882,
    "data_points": 66
  },
  {
    "timestamp": "2025-11-30T19:10:25.786277",
    "crypto": "BTC",
    "horizon_days": 1,
    "model": "XGBoost",
    "mae": 9255.40062121022,
    "rmse": 10940.264831434788,
    "mape": 8.954958940498484,
    "direction_accuracy": 0.0,
    "sharpe_ratio": 0.0,
    "max_drawdown": 0.0,
    "returns_correlation": 0.0,
    "lobe_activation": {},
    "coherence": 0.0,
    "processing_time": 0.0,
    "price_volatility": 2.219301315078882,
    "data_points": 66
  },
  {
    "timestamp": "2025-11-30T19:10:25.796643",
    "crypto": "BTC",
    "horizon_days": 1,
    "model": "Prophet",
    "mae": 6354.777589762318,
    "rmse": 7337.836480672499,
    "mape": 6.098303344775841,
    "direction_accuracy": 53.84615384615385,
    "sharpe_ratio": -3.0950724846570505,
    "max_drawdown": -33.00897046587389,
    "returns_correlation": 0.03462871574044142,
    "lobe_activation": {},
    "coherence": 0.0,
    "processing_time": 0.0,
    "price_volatility": 2.219301315078882,
    "data_points": 66
  },
  {
    "timestamp": "2025-11-30T19:10:29.004633",
    "crypto": "BTC",
    "horizon_days": 7,
    "model": "SpiralBrain",
    "mae": 2084.6376456473818,
    "rmse": 2503.048323743547,
    "mape": 1.9570830432001758,
    "direction_accuracy": 55.932203389830505,
    "sharpe_ratio": -2.3359833878551384,
    "max_drawdown": -32.13092627413065,
    "returns_correlation": 0.1957559265523742,
    "lobe_activation": {
      "reasoning": 0.5,
      "attention": 0.5,
      "sensory": 0.5,
      "motor": 0.5
    },
    "coherence": 0.5,
    "processing_time": 0.014163589477539063,
    "price_volatility": 2.219301315078882,
    "data_points": 60
  },
  {
    "timestamp": "2025-11-30T19:10:29.005650",
    "crypto": "BTC",
    "horizon_days": 7,
    "model": "ARIMA",
    "mae": 7479.777826994419,
    "rmse": 8674.058766595437,
    "mape": 7.216330426013173,
    "direction_accuracy": 49.152542372881356,
    "sharpe_ratio": -5.55230952989036,
    "max_drawdown": -20.809601386824514,
    "returns_correlation": -0.22130955655732693,
    "lobe_activation": {},
    "coherence": 0.0,
    "processing_time": 0.0,
    "price_volatility": 2.219301315078882,
    "data_points": 60
  },
  {
    "timestamp": "2025-11-30T19:10:29.006646",
    "crypto": "BTC",
    "horizon_days": 7,
    "model": "XGBoost",
    "mae": 8746.511804844095,
    "rmse": 10531.177614834052,
    "mape": 8.25778136708001,
    "direction_accuracy": 0.0,
    "sharpe_ratio": 0.0,
    "max_drawdown": 0.0,
    "returns_correlation": 0.0,
    "lobe_activation": {},
    "coherence": 0.0,
    "processing_time": 0.0,
    "price_volatility": 2.219301315078882,
    "data_points": 60
  },
  {
    "timestamp": "2025-11-30T19:10:29.008642",
    "crypto": "BTC",
    "horizon_days": 7,
    "model": "Prophet",
    "mae": 5975.450562620671,
    "rmse": 7130.107650878347,
    "mape": 5.601432806495781,
    "direction_accuracy": 54.23728813559322,
    "sharpe_ratio": -3.1685701492627465,
    "max_drawdown": -30.386112347031975,
    "returns_correlation": 0.06466012191590201,
    "lobe_activation": {},
    "coherence": 0.0,
    "processing_time": 0.0,
    "price_volatility": 2.219301315078882,
    "data_points": 60
  },
  {
    "timestamp": "2025-11-30T19:10:31.674055",
    "crypto": "BTC",
    "horizon_days": 30,
    "model": "SpiralBrain",
    "mae": 1938.3261540285391,
    "rmse": 2534.5578892993794,
    "mape": 1.7113224074121267,
    "direction_accuracy": 61.111111111111114,
    "sharpe_ratio": 0.48591423854142013,
    "max_drawdown": -14.690535307383023,
    "returns_correlation": 0.2942386790789353,
    "lobe_activation": {
      "reasoning": 0.5,
      "attention": 0.5,
      "sensory": 0.5,
      "motor": 0.5
    },
    "coherence": 0.5,
    "processing_time": 0.010703022415573532,
    "price_volatility": 2.219301315078882,
    "data_points": 37
  },
  {
    "timestamp": "2025-11-30T19:10:31.674055",
    "crypto": "BTC",
    "horizon_days": 30,
    "model": "ARIMA",
    "mae": 6440.572781952515,
    "rmse": 7757.0082017824425,
    "mape": 5.639109736000282,
    "direction_accuracy": 38.88888888888889,
    "sharpe_ratio": -2.6937678499189577,
    "max_drawdown": -11.922265260467556,
    "returns_correlation": -0.3300699921457328,
    "lobe_activation": {},
    "coherence": 0.0,
    "processing_time": 0.0,
    "price_volatility": 2.219301315078882,
    "data_points": 37
  },
  {
    "timestamp": "2025-11-30T19:10:31.677054",
    "crypto": "BTC",
    "horizon_days": 30,
    "model": "XGBoost",
    "mae": 9119.200811425655,
    "rmse": 10548.866267001422,
    "mape": 7.828011579287497,
    "direction_accuracy": 0.0,
    "sharpe_ratio": 0.0,
    "max_drawdown": 0.0,
    "returns_correlation": 0.0,
    "lobe_activation": {},
    "coherence": 0.0,
    "processing_time": 0.0,
    "price_volatility": 2.219301315078882,
    "data_points": 37
  },
  {
    "timestamp": "2025-11-30T19:10:31.678767",
    "crypto": "BTC",
    "horizon_days": 30,
    "model": "Prophet",
    "mae": 8965.421655400374,
    "rmse": 10156.292937465283,
    "mape": 7.964248072924376,
    "direction_accuracy": 52.77777777777778,
    "sharpe_ratio": -2.896693898830617,
    "max_drawdown": -22.672069624784356,
    "returns_correlation": 0.0567079335897996,
    "lobe_activation": {},
    "coherence": 0.0,
    "processing_time": 0.0,
    "price_volatility": 2.219301315078882,
    "data_points": 37
  },
  {
    "timestamp": "2025-11-30T19:10:34.976801",
    "crypto": "ETH",
    "horizon_days": 1,
    "model": "SpiralBrain",
    "mae": 102.68795483803628,
    "rmse": 137.48597624301732,
    "mape": 2.7932156981374887,
    "direction_accuracy": 52.307692307692314,
    "sharpe_ratio": -1.4149119398604666,
    "max_drawdown": -41.03950635064474,
    "returns_correlation": 0.13259132197645765,
    "lobe_activation": {
      "reasoning": 0.5,
      "attention": 0.5,
      "sensory": 0.5,
      "motor": 0.5
    },
    "coherence": 0.5,
    "processing_time": 0.013978369308240486,
    "price_volatility": 3.9499355903167555,
    "data_points": 66
  },
  {
    "timestamp": "2025-11-30T19:10:34.976801",
    "crypto": "ETH",
    "horizon_days": 1,
    "model": "ARIMA",
    "mae": 318.3204195812687,
    "rmse": 371.29238652832817,
    "mape": 8.912632577218185,
    "direction_accuracy": 56.92307692307692,
    "sharpe_ratio": -9.69728541009004,
    "max_drawdown": -36.04154201759011,
    "returns_correlation": -0.1491349464342552,
    "lobe_activation": {},
    "coherence": 0.0,
    "processing_time": 0.0,
    "price_volatility": 3.9499355903167555,
    "data_points": 66
  },
  {
    "timestamp": "2025-11-30T19:10:34.977804",
    "crypto": "ETH",
    "horizon_days": 1,
    "model": "XGBoost",
    "mae": 669.8080825306658,
    "rmse": 807.4560547025555,
    "mape": 16.7740600231169,
    "direction_accuracy": 0.0,
    "sharpe_ratio": 0.0,
    "max_drawdown": 0.0,
    "returns_correlation": 0.0,
    "lobe_activation": {},
    "coherence": 0.0,
    "processing_time": 0.0,
    "price_volatility": 3.9499355903167555,
    "data_points": 66
  },
  {
    "timestamp": "2025-11-30T19:10:34.981031",
    "crypto": "ETH",
    "horizon_days": 1,
    "model": "Prophet",
    "mae": 278.5963475993031,
    "rmse": 334.50746692679587,
    "mape": 7.690394331096857,
    "direction_accuracy": 61.53846153846154,
    "sharpe_ratio": -2.8256202106623656,
    "max_drawdown": -41.87662062798056,
    "returns_correlation": 0.16549332837060735,
    "lobe_activation": {},
    "coherence": 0.0,
    "processing_time": 0.0,
    "price_volatility": 3.9499355903167555,
    "data_points": 66
  },
  {
    "timestamp": "2025-11-30T19:10:37.925552",
    "crypto": "ETH",
    "horizon_days": 7,
    "model": "SpiralBrain",
    "mae": 115.53343738686014,
    "rmse": 152.50538853971497,
    "mape": 3.104073749453625,
    "direction_accuracy": 50.847457627118644,
    "sharpe_ratio": -1.8222056456411035,
    "max_drawdown": -41.62617792924525,
    "returns_correlation": 0.09893014931148601,
    "lobe_activation": {
      "reasoning": 0.5,
      "attention": 0.5,
      "sensory": 0.5,
      "motor": 0.5
    },
    "coherence": 0.5,
    "processing_time": 0.011086754004160563,
    "price_volatility": 3.9499355903167555,
    "data_points": 60
  },
  {
    "timestamp": "2025-11-30T19:10:37.927559",
    "crypto": "ETH",
    "horizon_days": 7,
    "model": "ARIMA",
    "mae": 341.90694687289556,
    "rmse": 388.05025870970826,
    "mape": 9.527771154327143,
    "direction_accuracy": 59.32203389830508,
    "sharpe_ratio": -8.24674181969173,
    "max_drawdown": -29.30526152623913,
    "returns_correlation": -0.1415335746478512,
    "lobe_activation": {},
    "coherence": 0.0,
    "processing_time": 0.0,
    "price_volatility": 3.9499355903167555,
    "data_points": 60
  },
  {
    "timestamp": "2025-11-30T19:10:37.927559",
    "crypto": "ETH",
    "horizon_days": 7,
    "model": "XGBoost",
    "mae": 728.479102497389,
    "rmse": 846.4178482714569,
    "mape": 18.17390559254319,
    "direction_accuracy": 0.0,
    "sharpe_ratio": 0.0,
    "max_drawdown": 0.0,
    "returns_correlation": 0.0,
    "lobe_activation": {},
    "coherence": 0.0,
    "processing_time": 0.0,
    "price_volatility": 3.9499355903167555,
    "data_points": 60
  },
  {
    "timestamp": "2025-11-30T19:10:37.929563",
    "crypto": "ETH",
    "horizon_days": 7,
    "model": "Prophet",
    "mae": 257.69972373663927,
    "rmse": 309.22187649850144,
    "mape": 6.826993074965876,
    "direction_accuracy": 61.016949152542374,
    "sharpe_ratio": -2.8568725487105198,
    "max_drawdown": -40.21733791237024,
    "returns_correlation": 0.17708502664609244,
    "lobe_activation": {},
    "coherence": 0.0,
    "processing_time": 0.0,
    "price_volatility": 3.9499355903167555,
    "data_points": 60
  },
  {
    "timestamp": "2025-11-30T19:11:41.009840",
    "crypto": "ETH",
    "horizon_days": 30,
    "model": "SpiralBrain",
    "mae": 111.76556916886462,
    "rmse": 156.22915713438348,
    "mape": 2.7181044890175974,
    "direction_accuracy": 47.22222222222222,
    "sharpe_ratio": 0.38821743507501333,
    "max_drawdown": -20.84008847825741,
    "returns_correlation": 0.13299842028235653,
    "lobe_activation": {
      "reasoning": 0.5,
      "attention": 0.5,
      "sensory": 0.5,
      "motor": 0.5
    },
    "coherence": 0.5,
    "processing_time": 0.012246215665662611,
    "price_volatility": 3.950738733890482,
    "data_points": 37
  },
  {
    "timestamp": "2025-11-30T19:11:41.009840",
    "crypto": "ETH",
    "horizon_days": 30,
    "model": "ARIMA",
    "mae": 290.1442637312423,
    "rmse": 341.7912041542127,
    "mape": 7.068837758206375,
    "direction_accuracy": 55.55555555555556,
    "sharpe_ratio": -5.6677010770852645,
    "max_drawdown": -14.330578429987273,
    "returns_correlation": -0.1885573317285366,
    "lobe_activation": {},
    "coherence": 0.0,
    "processing_time": 0.0,
    "price_volatility": 3.950738733890482,
    "data_points": 37
  },
  {
    "timestamp": "2025-11-30T19:11:41.011879",
    "crypto": "ETH",
    "horizon_days": 30,
    "model": "XGBoost",
    "mae": 1015.0990102646597,
    "rmse": 1046.4338240548268,
    "mape": 24.474117544058007,
    "direction_accuracy": 0.0,
    "sharpe_ratio": 0.0,
    "max_drawdown": 0.0,
    "returns_correlation": 0.0,
    "lobe_activation": {},
    "coherence": 0.0,
    "processing_time": 0.0,
    "price_volatility": 3.950738733890482,
    "data_points": 37
  },
  {
    "timestamp": "2025-11-30T19:11:41.015155",
    "crypto": "ETH",
    "horizon_days": 30,
    "model": "Prophet",
    "mae": 358.49344707213544,
    "rmse": 407.4749387263887,
    "mape": 8.66291400726754,
    "direction_accuracy": 63.888888888888886,
    "sharpe_ratio": -2.1180074395382,
    "max_drawdown": -25.589986725878443,
    "returns_correlation": 0.12101066284893912,
    "lobe_activation": {},
    "coherence": 0.0,
    "processing_time": 0.0,
    "price_volatility": 3.950738733890482,
    "data_points": 37
  }
]