{
  "benchmark_name": "crypto_tax_transaction_classifier_v3",
  "timestamp": "2025-12-06T15:53:27.954217",
  "spiralbrain_version": "3.0",
  "entry_point": "domains.crypto_platform.cryptoai_platform.CryptoAIPlatform",
  "test_cases_count": 5,
  "results": [
    {
      "transaction_id": "TX_001",
      "classification": "non_taxable_transfer",
      "confidence": 0.9,
      "brain_response": {
        "transaction_id": "",
        "timestamp": "2025-12-06T15:53:27.836604",
        "analyses": {
          "tax": {
            "tax_category": "non_taxable_transfer",
            "amount": 0.0,
            "confidence": 0.5
          },
          "aml": {
            "risk_score": 0.0,
            "risk_level": "minimal",
            "risk_categories": [],
            "explanations": [],
            "recommended_actions": []
          },
          "portfolio": {
            "impact_type": "position_update",
            "assets_affected": [
              "BTC"
            ],
            "value_change": 8250.0
          },
          "cognitive": {
            "cognitive_state": [
              0.0005000000237487257,
              0.33000001311302185,
              0.6700000166893005,
              0.0,
              0.0,
              0.0,
              0.0,
              0.0,
              0.0,
              0.0,
              0.0,
              0.0,
              0.0,
              0.0,
              0.0,
              0.0,
              0.0,
              0.0,
              0.0,
              0.0,
              0.0,
              0.0,
              0.0,
              0.0,
              0.0,
              0.0,
              0.0,
              0.0,
              0.0,
              0.0,
              0.0,
              0.0,
              0.0,
              0.0,
              0.0,
              0.0,
              0.0,
              0.0,
              0.0,
              0.0,
              0.0,
              0.0,
              0.0,
              0.0,
              0.0,
              0.0,
              0.0,
              0.0,
              0.0,
              0.0
            ],
            "processing_mode": "conscious",
            "stability_score": 0.5,
            "emotional_valence": 0.5,
            "unified_brain_used": true,
            "v3_emotional_coherence": 0.0,
            "v3_learning_efficiency": 0.0,
            "v3_cognitive_load": 0.0,
            "v3_adaptation_rate": 0.0,
            "physics_domain_influence": 0.0,
            "language_domain_influence": 0.0,
            "inter_domain_coherence": 0.5,
            "emotional_substrate_state": 0.0,
            "metacognitive_confidence": 0.0,
            "conscious_processing_ratio": 0.0,
            "subconscious_processing_ratio": 0.0
          }
        }
      },
      "timestamp": "2025-12-06T15:53:27.866333"
    },
    {
      "transaction_id": "TX_002",
      "classification": "capital_gain_short_term",
      "confidence": 0.8,
      "brain_response": {
        "transaction_id": "",
        "timestamp": "2025-12-06T15:53:27.866333",
        "analyses": {
          "tax": {
            "tax_category": "short_term_capital_gain",
            "amount": 0,
            "confidence": 0.9027306724859954
          },
          "aml": {
            "risk_score": 0.0,
            "risk_level": "minimal",
            "risk_categories": [],
            "explanations": [],
            "recommended_actions": []
          },
          "portfolio": {
            "impact_type": "position_update",
            "assets_affected": [
              "ETH"
            ],
            "value_change": 2400.0
          },
          "cognitive": {
            "cognitive_state": [
              0.0020000000949949026,
              0.024000000208616257,
              0.6000000238418579,
              0.0,
              0.0,
              0.0,
              0.0,
              0.0,
              0.0,
              0.0,
              0.0,
              0.0,
              0.0,
              0.0,
              0.0,
              0.0,
              0.0,
              0.0,
              0.0,
              0.0,
              0.0,
              0.0,
              0.0,
              0.0,
              0.0,
              0.0,
              0.0,
              0.0,
              0.0,
              0.0,
              0.0,
              0.0,
              0.0,
              0.0,
              0.0,
              0.0,
              0.0,
              0.0,
              0.0,
              0.0,
              0.0,
              0.0,
              0.0,
              0.0,
              0.0,
              0.0,
              0.0,
              0.0,
              0.0,
              0.0
            ],
            "processing_mode": "conscious",
            "stability_score": 0.5,
            "emotional_valence": 0.5,
            "unified_brain_used": true,
            "v3_emotional_coherence": 0.0,
            "v3_learning_efficiency": 0.0,
            "v3_cognitive_load": 0.0,
            "v3_adaptation_rate": 0.0,
            "physics_domain_influence": 0.0,
            "language_domain_influence": 0.0,
            "inter_domain_coherence": 0.5,
            "emotional_substrate_state": 0.0,
            "metacognitive_confidence": 0.0,
            "conscious_processing_ratio": 0.0,
            "subconscious_processing_ratio": 0.0
          }
        }
      },
      "timestamp": "2025-12-06T15:53:27.892370"
    },
    {
      "transaction_id": "TX_003",
      "classification": "ordinary_income",
      "confidence": 0.7,
      "brain_response": {
        "transaction_id": "",
        "timestamp": "2025-12-06T15:53:27.892878",
        "analyses": {
          "tax": {
            "tax_category": "ordinary_income",
            "amount": 0.0,
            "confidence": 0.95
          },
          "aml": {
            "risk_score": 0.0,
            "risk_level": "minimal",
            "risk_categories": [],
            "explanations": [],
            "recommended_actions": []
          },
          "portfolio": {
            "impact_type": "position_update",
            "assets_affected": [
              "ADA"
            ],
            "value_change": 350.0
          },
          "cognitive": {
            "cognitive_state": [
              1.0,
              7.000000096013537e-06,
              0.20999999344348907,
              0.0,
              0.0,
              0.0,
              0.0,
              0.0,
              0.0,
              0.0,
              0.0,
              0.0,
              0.0,
              0.0,
              0.0,
              0.0,
              0.0,
              0.0,
              0.0,
              0.0,
              0.0,
              0.0,
              0.0,
              0.0,
              0.0,
              0.0,
              0.0,
              0.0,
              0.0,
              0.0,
              0.0,
              0.0,
              0.0,
              0.0,
              0.0,
              0.0,
              0.0,
              0.0,
              0.0,
              0.0,
              0.0,
              0.0,
              0.0,
              0.0,
              0.0,
              0.0,
              0.0,
              0.0,
              0.0,
              0.0
            ],
            "processing_mode": "conscious",
            "stability_score": 0.5,
            "emotional_valence": 0.5,
            "unified_brain_used": true,
            "v3_emotional_coherence": 0.0,
            "v3_learning_efficiency": 0.0,
            "v3_cognitive_load": 0.0,
            "v3_adaptation_rate": 0.0,
            "physics_domain_influence": 0.0,
            "language_domain_influence": 0.0,
            "inter_domain_coherence": 0.5,
            "emotional_substrate_state": 0.0,
            "metacognitive_confidence": 0.0,
            "conscious_processing_ratio": 0.0,
            "subconscious_processing_ratio": 0.0
          }
        }
      },
      "timestamp": "2025-12-06T15:53:27.909744"
    },
    {
      "transaction_id": "TX_004",
      "classification": "ordinary_income",
      "confidence": 0.7,
      "brain_response": {
        "transaction_id": "",
        "timestamp": "2025-12-06T15:53:27.909744",
        "analyses": {
          "tax": {
            "tax_category": "ordinary_income",
            "amount": 247.5,
            "confidence": 0.95
          },
          "aml": {
            "risk_score": 0.0,
            "risk_level": "minimal",
            "risk_categories": [],
            "explanations": [],
            "recommended_actions": []
          },
          "portfolio": {
            "impact_type": "position_update",
            "assets_affected": [
              "SOL"
            ],
            "value_change": 1125.0
          },
          "cognitive": {
            "cognitive_state": [
              0.05000000074505806,
              0.00044999999227002263,
              0.15000000596046448,
              0.0,
              0.0,
              0.0,
              0.0,
              0.0,
              0.0,
              0.0,
              0.0,
              0.0,
              0.0,
              0.0,
              0.0,
              0.0,
              0.0,
              0.0,
              0.0,
              0.0,
              0.0,
              0.0,
              0.0,
              0.0,
              0.0,
              0.0,
              0.0,
              0.0,
              0.0,
              0.0,
              0.0,
              0.0,
              0.0,
              0.0,
              0.0,
              0.0,
              0.0,
              0.0,
              0.0,
              0.0,
              0.0,
              0.0,
              0.0,
              0.0,
              0.0,
              0.0,
              0.0,
              0.0,
              0.0,
              0.0
            ],
            "processing_mode": "conscious",
            "stability_score": 0.5,
            "emotional_valence": 0.5,
            "unified_brain_used": true,
            "v3_emotional_coherence": 0.0,
            "v3_learning_efficiency": 0.0,
            "v3_cognitive_load": 0.0,
            "v3_adaptation_rate": 0.0,
            "physics_domain_influence": 0.0,
            "language_domain_influence": 0.0,
            "inter_domain_coherence": 0.5,
            "emotional_substrate_state": 0.0,
            "metacognitive_confidence": 0.0,
            "conscious_processing_ratio": 0.0,
            "subconscious_processing_ratio": 0.0
          }
        }
      },
      "timestamp": "2025-12-06T15:53:27.926810"
    },
    {
      "transaction_id": "TX_005",
      "classification": "ordinary_income",
      "confidence": 0.7,
      "brain_response": {
        "transaction_id": "",
        "timestamp": "2025-12-06T15:53:27.926810",
        "analyses": {
          "tax": {
            "tax_category": "ordinary_income",
            "amount": 5.5,
            "confidence": 0.95
          },
          "aml": {
            "risk_score": 0.0,
            "risk_level": "minimal",
            "risk_categories": [],
            "explanations": [],
            "recommended_actions": []
          },
          "portfolio": {
            "impact_type": "position_update",
            "assets_affected": [
              "BTC"
            ],
            "value_change": 25.0
          },
          "cognitive": {
            "cognitive_state": [
              9.999999974752427e-07,
              0.5,
              0.6700000166893005,
              0.0,
              0.0,
              0.0,
              0.0,
              0.0,
              0.0,
              0.0,
              0.0,
              0.0,
              0.0,
              0.0,
              0.0,
              0.0,
              0.0,
              0.0,
              0.0,
              0.0,
              0.0,
              0.0,
              0.0,
              0.0,
              0.0,
              0.0,
              0.0,
              0.0,
              0.0,
              0.0,
              0.0,
              0.0,
              0.0,
              0.0,
              0.0,
              0.0,
              0.0,
              0.0,
              0.0,
              0.0,
              0.0,
              0.0,
              0.0,
              0.0,
              0.0,
              0.0,
              0.0,
              0.0,
              0.0,
              0.0
            ],
            "processing_mode": "conscious",
            "stability_score": 0.5,
            "emotional_valence": 0.5,
            "unified_brain_used": true,
            "v3_emotional_coherence": 0.0,
            "v3_learning_efficiency": 0.0,
            "v3_cognitive_load": 0.0,
            "v3_adaptation_rate": 0.0,
            "physics_domain_influence": 0.0,
            "language_domain_influence": 0.0,
            "inter_domain_coherence": 0.5,
            "emotional_substrate_state": 0.0,
            "metacognitive_confidence": 0.0,
            "conscious_processing_ratio": 0.0,
            "subconscious_processing_ratio": 0.0
          }
        }
      },
      "timestamp": "2025-12-06T15:53:27.954217"
    }
  ],
  "metrics": {
    "accuracy": 1.0,
    "confidence_avg": 0.7600000000000001,
    "correct_predictions": 5,
    "total_predictions": 5
  },
  "processing_time_seconds": 0.117613,
  "ground_truth": {
    "TX_001": "non_taxable_transfer",
    "TX_002": "capital_gain_short_term",
    "TX_003": "ordinary_income",
    "TX_004": "ordinary_income",
    "TX_005": "ordinary_income"
  }
}